idkolegij,idnositelj
183357,1
183357,2
183371,3
183371,4
183371,5
183371,6
183384,7
183384,8
183384,9
183381,10
183381,11
183381,12
183381,2
183421,13
183421,14
183421,15
183421,16
229862,17
229862,18
229862,19
222496,22
222496,23
222596,20
222596,21
222533,24
222792,25
222792,26
222792,27
